National ID,Hashed ID
71071730064,4PVH5JMRI5LL6TCFM3X2PHJRVWWY2B45B4MRLAAQUOXXWGC7YTAA====
99570209502,7YAVV6OT57CDWU5XDLZODIP5MGKQS7S2QPD3RYL3HYYQFRIW77BA====
62564763898,QTO3RRTC24SOHAKXGXBY2ORGXPVX7EIUQJ7QXHGRVRD3VNZX56CQ====
15316657927,UJP5UU6P653CYDFNY7KNX4FBTTJOKXPGNDTYMGGYSKXBVLVNJYTA====
47323760185,H24MMF4YN6J64VEFB7RH7VDIFY5GO5NYGHHZ3OI2WWF3PA42NPOQ====
26244498805,GEYVGSU3LY3A76QK5DQNW7R3PW6Z4VCRSML2VJGRZAJ752DBPO3A====
77577068849,T4WTZANIQNT7ZNWO24PNDSP2BGDARISQPBIGMGVV6ZFSLWAHVNJQ====
81554760249,FCV7FWGVCZTPJSUPE7H7WWYAC66YUUH35V56ROOS5G2ROYHCYW7Q====
39894156079,UIOABDX6YU27ZAHSN3HCLQUSE5LIZV35EU7L4MNMBSYKD6BJ4ULQ====
42067949490,W736WXEILPAVBYNIGTAHNS7SNFEPZ7G2SU7C5EJYJEBNS2LIVEDQ====
57540860060,DWC6VIP44ZDY3TE3DV23JHKY7LUBPOCQLA2YKRL6VCVPJKVXEZ5A====
71262279799,63LXBO7HMSWM7WUKBP5EVHJWCEREZWFV3JFYY67O6YBHGOJ4OQ3Q====
18398072229,M7HMTE4SHLTKWVEVMWHFP62LMESAXCCDSHUCHB2TF5J6HOCDXIUQ====
17005244495,ZZQ7ZDGOQUGSQ4P2FVYXNNZZ6FPWZJMJXHO2WBMZE7OAH7CAGY4A====
07486860796,JVVMOBL5VFM4GR2ZXM2LRBTVYPYCK6FUCXT54RPMB2PC37MUTR3A====
09582926305,NZJGTAH23MCAUIEPG5QAYV325LXUZOKSTEVVESTD4UE23REE3GBA====
34780632122,VE2BCEINPMB5FXNV7JOB3P2AXELYBAIXWQMAMPYJVHHKA2OSUT3A====
61397208250,AYTEJF3GA3FUSQWR7YSTE5TEJWB2PHC6Y3KLKMTNMPBRORQ7C4LQ====
12383927208,EK75S6HMMPVI66TFQMZTX2H6L76TJRKJPU2SEKKT5GZLN5SMBBQA====
74080168557,DOFMPOZH55XJH35XJ767L2BP5A7AAEXO24PV6IIDYGLNEYBCGSCQ====
24828639417,JLOQJCNL3EML43UEB5T27CIMZMC7CN6P2XNO23FSEHIPANM7AQSA====
28960762057,OPNLFI3XQMZPUQJEUPTQTKO642KW7YYRHU2G3N6DACACV4AN3H5Q====
30531244974,OA4LLMIGKE4NMVXCNAWVA3AOS4GJ5RHUZIH7BXBNQWGVWY3VLWGA====
12739313286,HCHMDX4WAEDXVBV33YWR7O7TR6THASGGASSBWWDHC5DJYSKWU64Q====
83129024224,NRI4SQECM3FDIIV5KSTXQQJKYXONK6464MC2RL3RUD2DOTJTCDLQ====
47971608074,UUG7UP2O55F4WU366RX4DEGIFBQGYIFHKULE2OIQ3TI3K26ZS2FQ====
89315209978,V2LGWBMEH3K2CCP4SVUKQAMARSQJAM72EK3J3DANV6UH3IBYOCNQ====
70865444712,67SREJZ7IME47ZM2VNW5KLLWDQ7OW7TABQHW3ADL4J4UNLWNZ3VQ====
67090922671,O35L4FHCNAAACYKCZGMVVFAUMBY4XWGMDDKGN2EURKR7K2FZEPMA====
18338455690,2XFEGUI2HNZIMSHJAPEISU2GCRDZTBYCUMARTFAYL7VAPHMULUYA====
15512744661,2GLXAS4RAZMONV7CGDEOYQA7XKFFT4D7MKVW55EPZPTSAPG6F4QQ====
94297903787,BS6VFQXBBMIJA7G4WQ7PEZHXIUVBWKGC3M3M7JTF4MDRV5GIHS4A====
95549287838,NTBOTUNM7KUCQYCCXBCP3BWNU45AL4YRDFHDFVEZJCI2HHY622TQ====
37504947985,S6HJHHVPKY3FREUPG4AWSNB6EWDH5E34C2I25YQYLYKYBIHCAA6A====
13167920046,G45QL3EMC32NLASPLW3MYUDF7JFZPSDQHVBVDZBICBEIFEAMLULA====
04345617983,NXGUN4EVLOFV24HZUDUF2UBGD6H3F53E5AB5SQ7SEDVS2F5XLARQ====
06644866652,MD3CDZ6E4WZ2QOMYC52NNDC2EQPZTIWUFNJV2JX4EESCOQWAJ2BA====
93141410807,UAQWWTGOZ6KPWA3ZBDAGFV6XS4XE5L7QWB4RJNBL3OBHUGEZGJ4Q====
79734303965,QZ6TNR5PSUPBQXTQ6HMFZJLBBLKKXRTDFV2HXWJZIG2TBDYK56OA====
05547385413,PU6HQADSF2E6JCPTWATTAG56NUPM767IKO5AAU6UWDN55H2WDWOQ====
43076487546,R2C4LLBUHJ5MATHPCTLDQM2YGZG4VND4RMWC4R6BNRJIZ3J6POQQ====
69729293577,E2Y4A7DRC4LXNC5OWLWR7FXTQDUJWB4NJ55LWESGD4GDUWDCQ66Q====
87305613526,OUA4E6FFG5K72RWO3TMXEYSPKX5MITEDTO62K4VKSCQPQSUDYRNQ====
49191678739,6EPLXC3NOQRKIDIAH6Z3UHETK6WT3BKO2LC2IRFUMGZNE6MTZN4A====
19834555016,GE2JR5M76RPPJJ47YYX7PNTGFE7ENLYYHZ4FQAYHCGEEO27EIEAA====
66991148493,DI43IHHF6SPILXDVPFJZHIYSKM4SFZNST7SGVJ4DIVM32EMGMTXA====
26702266068,S2XGFCVW7JDIOGRP3HJLAOV3RIEEEJFJPPPOXOJMWIU6GSVCG52Q====
69735402966,HOLRN2VF5BUZD3SNJEQTEGP6O5RY3ANFZBV6CNWQBR6HQPPVY7ZA====
15932398263,UQ3E2ZUTGBB3VD4VZ3IK3PU4LVGEMRBEKXP4CIH4E54BHKSFI74A====
54136389255,BIPDLRHVQXQQO4Z4VD7R7OP7JNFBVPDRNA5ON75YI6BOJZFKV4HQ====
70855760874,S26CRHT7GWACBWH5GJJW5XKLUBC6RGY6NIEYVWQ2LO3SQCCQF3QQ====
55958483071,EE7LQWNFKY3JRFNPJW5PJJV3JD5C6KZS3NSQZQOCVZDIXCEPZ6DQ====
77077974090,7OLON5I53X4XIS3FRBLUIR6TNONF5BTPRI33EPJL42QFXQI6RBTA====
10142348192,TAH5L3XM2LU7SXMXQKXP46HK6T4BFENXAODYHMTIOUZMPHBLBFZQ====
82685291026,H4QOS7WRLRKYRUWAR5YTYBCCUZGW5S5OS7LONKMVRVQBBUE3IUNQ====
67379304981,7JJMVHJ334CNOTMAPVINY7VOVGBY74ZODDXGJT6XEVIRXCZHTPRA====
61043873377,ZS2YYNPKF7VAYS5XJMUZWHII7SXJFQH7WPVMUXZCTAXLVYCR276Q====
44376570532,HVI7CZN3YHSET4J2ZTHG3KS5QFHKGICNEAKWT5NQ35L62NFUBFCQ====
44497047712,A7II2GDGX57MPMZNH3DFHWRV4DGSKSWQYFVK2PZBWX6HT6363XAQ====
89671316355,Q2IFG7WYEX47DA77MUNJV5LXZMMEL2ECKIE47ZFM5EQFSB4IKNWQ====
92265947158,RXPF77DOEFVBGVZUQ3TNM2RSLJXJ7THHU4KB7BZWNKRVEHJHQJGA====
70354815596,QEI4VCQ2ELUPP7HID3DNM5YOBMT7R4IIJEYU7VTPECNRUSDLZDGQ====
39935231150,DXZH5T3AZD5FMHJPZY2DV7VWV5R6IU33TZ5ATVTBVPXARBYMLNWA====
25484862970,V6MV6DGHWCXIO5QRDVYB4PRK3LTCTSLKPAY63YJFA6QPC2OPFXOQ====
83570584559,GHYOR2WMVPFQQ4A4EOX7ZKH457VJF6VXNB2W2O6M4QXEZGWLZXGA====
96073463681,GBGZDYHTBFSQNVAMH3Q2G7R4WUCQFB7DHU375UONYYNSIPNKDFLA====
56744293103,O2VFG4LCVEZ4CKCBJ2JFSXZBOUT4KX5BXRMHECSR7EYYGB3RT7ZQ====
60506399503,Q3F5BKZUJCEL4YFKJQPNLAXMKECGOFUREMM2JCT3H7TYS62WZJIQ====
91441931806,XTR2LUUC3ETLMVUXF7V4X56NYF7BF65VH3M5TRKMIEVOGXSPKT3A====
17112486540,AZCEM6NVNMEHQ2KHTYY2RFUCLLZJDO6PV6VTOBCRQO752AEVYVTA====
40998058845,7TATYG4LGQPU3ZZASI7Y3BVXKGQDAXX2DLZJAJHAOCMSP56J756A====
56272557595,HVDOGG3YDEUACTDYGMBYS5F3VNRVOLA7HHGFBX6NCSX5GP7RHUOQ====
48074300174,WNJWNKXP4Q2NFXRCX4RYCHWDJD3IH2IZ7BPRKOTPMI2LVS73WNFQ====
53430621933,AJTQTHIJ4CIAVD24MLUFS44QZMDFAUWIN3E3STPRWTKYRYT4NGBQ====
93921186737,UYABTWVW4S5G7WMPSKADTIHURFX6J7SGMOWPLACNHNZ55X7ZKU6A====
60505929280,3Q432SHLETDAI4NS3HEKVVHQL2U6MKCYS6XI6BZYFXJUQLMVPPTA====
58998867777,H2BM6DRLNTDUGYAXFKE4HXVCY4EIHA2YMHFTVHYBVVKCKTEOSD3A====
82419952581,LPGGGFV7A6545SLWVWF6OABEGLQWW74XTEKTDKJAYWU6NXX6EJBA====
62322344647,Y2WUPZEBZ5K7VHU5IQJH4QCM5U5QEBWSNE4IS2XZZN3XEQDVS5MA====
25791482249,RYB4OTM3HIBPDOZ6T5WTZWEIN3YKKFGPNQVE74457WBAMFQK3QQA====
61967851804,VQWMOOXJBPMZRUIQLYPGCLRQUAPJQ7BG7XX7TKYL652ZPGC7NNKA====
30231118961,EISQDKL6ND42EHNVI5EDT76Q2OADXXSSZEX3H7Q2ZUICKQIGSAKA====
99931886994,WLADCUQXAIPIMQWEK6KLMTJ77AEBWFBGOA7ABKP3BXPCCCRI5BYA====
36301680351,UBW3FZSFB4VXZHASSXHBZ5UVGESEEP36L7S2ZWO2FZ73FIGYBUQA====
18184344559,5XU5P6IHHXUMFH5WFY5UVBLBXIEBEIDQ5B4BXBEQKA2BMU2RUZ5A====
34297829862,UO2DV37DT6L2KWRYHWH34LHVC7GRXX3YRWPQKSAHHMIHXL4WB3EQ====
71876898476,DF2EBHKJQNGVXTEGOGAS2IIDUQOJX56G72NY7V25M36G2LQXIUOA====
36926529585,Y5IYQ7PU26NBPM6OZYM73XOMWRUAYRHL5GCLMWXANBYEP2EMGTJA====
77548042638,JLDAVBZA5WDCLN5KD4JXILK7VFX5K5UK4J2BNROMUZILQ3U2UTUQ====
21749651982,TNNMXZX2JKWCDYQ3GJFJYEUEPLMOEOMR4WHZVM4CRFE2TCGZ6YTA====
93167126676,T4D5IQ6K4BDBD4RPV34XZWXHIGDTGVTEKEEI7OCJKF2DPBBV6DDQ====
02005838950,W7IV6MTVRJSQBPMKZSOBTBVGDYJJWR7NCQR75I5DTIZPEZSDVSQA====
27979058158,AQLRNOAGIVELQD47VCKD3W2IJIB6TJZUBM35BGNMAQCDOYS62GIA====
80351435811,MHNY5B4EKFCPJYPCJEYLF323EUEYMBOUW3J4K6AZIAZ2NRLRACJQ====
68518879137,YELEJZUNIGEKVB4CBDJ43OQW7KMHNZCF565SDC4NEUMA6IU522HQ====
76013301714,S6PM5DLSHTGPAS5EEDRE45GZY3FO45WR3S2TEPREG6TFGNWGTXLQ====
35298412128,ZXKEFJGLU4QFDJJK6C3P3HDMYKAACVALYXLTZJYSR3VHWZ4Z3AHA====
26690816057,VVMTANOD2IZHNS22U3CUUME45EFFWQPVWIGNER3FGZY6PNDZK4LQ====
02086456507,RFBAZJRIUUOZ5RMZ7GDTPUF4V7J5CIA2Y7J4SXYWQH5MZTBAR36A====
29722869589,XBX4ZTUH37YSJVL7BH2KK4MDJDDILVDL74ZU7FXKQSTLWWK6XS3Q====